{
    "(False, 1, False)": {
        "damerau_levenshtein_avg": 0.5308687965419285,
        "jaro_winkler_avg": 0.26789436425503177
    },
    "(False, 1, True)": {
        "damerau_levenshtein_avg": 0.5660146864761356,
        "jaro_winkler_avg": 0.2848131878056519
    },
    "(True, 1, False)": {
        "damerau_levenshtein_avg": 0.617971347434754,
        "jaro_winkler_avg": 0.30550280667388824
    },
    "(True, 3, True)": {
        "damerau_levenshtein_avg": 0.7107136706813509,
        "jaro_winkler_avg": 0.35736204555070744
    }
}