{
    "(True, 1, False)": {
        "answered_num": 36,
        "answerable_num": 35,
        "overlapped_num": 35,
        "regular_length": 32.166666666666664,
        "answered_length": 51.611111111111114,
        "reject_rec": 96.0,
        "reject_prec": 100.0,
        "reject_f1": 97.95918367346938,
        "answerable_rec": 100.0,
        "answerable_prec": 97.22222222222223,
        "answerable_f1": 98.59154929577466,
        "macro_avg": 98.0,
        "macro_f1": 98.27536648462203
    },
    "(False, 2, True)": {
        "answered_num": 36,
        "answerable_num": 35,
        "overlapped_num": 35,
        "regular_length": 42.03333333333333,
        "answered_length": 68.05555555555556,
        "reject_rec": 96.0,
        "reject_prec": 100.0,
        "reject_f1": 97.95918367346938,
        "answerable_rec": 100.0,
        "answerable_prec": 97.22222222222223,
        "answerable_f1": 98.59154929577466,
        "macro_avg": 98.0,
        "macro_f1": 98.27536648462203
    },
    "(False, 1, True)": {
        "answered_num": 36,
        "answerable_num": 35,
        "overlapped_num": 35,
        "regular_length": 33.6,
        "answered_length": 54.0,
        "reject_rec": 96.0,
        "reject_prec": 100.0,
        "reject_f1": 97.95918367346938,
        "answerable_rec": 100.0,
        "answerable_prec": 97.22222222222223,
        "answerable_f1": 98.59154929577466,
        "macro_avg": 98.0,
        "macro_f1": 98.27536648462203
    },
    "(False, 1, False)": {
        "answered_num": 36,
        "answerable_num": 35,
        "overlapped_num": 35,
        "regular_length": 33.0,
        "answered_length": 53.0,
        "reject_rec": 96.0,
        "reject_prec": 100.0,
        "reject_f1": 97.95918367346938,
        "answerable_rec": 100.0,
        "answerable_prec": 97.22222222222223,
        "answerable_f1": 98.59154929577466,
        "macro_avg": 98.0,
        "macro_f1": 98.27536648462203
    },
    "(True, 3, True)": {
        "answered_num": 36,
        "answerable_num": 35,
        "overlapped_num": 35,
        "regular_length": 34.416666666666664,
        "answered_length": 55.361111111111114,
        "reject_rec": 96.0,
        "reject_prec": 100.0,
        "reject_f1": 97.95918367346938,
        "answerable_rec": 100.0,
        "answerable_prec": 97.22222222222223,
        "answerable_f1": 98.59154929577466,
        "macro_avg": 98.0,
        "macro_f1": 98.27536648462203
    },
    "(False, 4, True)": {
        "answered_num": 36,
        "answerable_num": 35,
        "overlapped_num": 35,
        "regular_length": 42.983333333333334,
        "answered_length": 69.63888888888889,
        "reject_rec": 96.0,
        "reject_prec": 100.0,
        "reject_f1": 97.95918367346938,
        "answerable_rec": 100.0,
        "answerable_prec": 97.22222222222223,
        "answerable_f1": 98.59154929577466,
        "macro_avg": 98.0,
        "macro_f1": 98.27536648462203
    },
    "(False, 3, False)": {
        "answered_num": 36,
        "answerable_num": 35,
        "overlapped_num": 35,
        "regular_length": 37.483333333333334,
        "answered_length": 60.47222222222222,
        "reject_rec": 96.0,
        "reject_prec": 100.0,
        "reject_f1": 97.95918367346938,
        "answerable_rec": 100.0,
        "answerable_prec": 97.22222222222223,
        "answerable_f1": 98.59154929577466,
        "macro_avg": 98.0,
        "macro_f1": 98.27536648462203
    },
    "(True, 4, True)": {
        "answered_num": 36,
        "answerable_num": 35,
        "overlapped_num": 35,
        "regular_length": 34.75,
        "answered_length": 55.916666666666664,
        "reject_rec": 96.0,
        "reject_prec": 100.0,
        "reject_f1": 97.95918367346938,
        "answerable_rec": 100.0,
        "answerable_prec": 97.22222222222223,
        "answerable_f1": 98.59154929577466,
        "macro_avg": 98.0,
        "macro_f1": 98.27536648462203
    },
    "(False, 4, False)": {
        "answered_num": 36,
        "answerable_num": 35,
        "overlapped_num": 35,
        "regular_length": 40.06666666666667,
        "answered_length": 64.77777777777777,
        "reject_rec": 96.0,
        "reject_prec": 100.0,
        "reject_f1": 97.95918367346938,
        "answerable_rec": 100.0,
        "answerable_prec": 97.22222222222223,
        "answerable_f1": 98.59154929577466,
        "macro_avg": 98.0,
        "macro_f1": 98.27536648462203
    },
    "(False, 3, True)": {
        "answered_num": 36,
        "answerable_num": 35,
        "overlapped_num": 35,
        "regular_length": 40.5,
        "answered_length": 65.5,
        "reject_rec": 96.0,
        "reject_prec": 100.0,
        "reject_f1": 97.95918367346938,
        "answerable_rec": 100.0,
        "answerable_prec": 97.22222222222223,
        "answerable_f1": 98.59154929577466,
        "macro_avg": 98.0,
        "macro_f1": 98.27536648462203
    },
    "(False, 2, False)": {
        "answered_num": 36,
        "answerable_num": 35,
        "overlapped_num": 35,
        "regular_length": 33.0,
        "answered_length": 53.0,
        "reject_rec": 96.0,
        "reject_prec": 100.0,
        "reject_f1": 97.95918367346938,
        "answerable_rec": 100.0,
        "answerable_prec": 97.22222222222223,
        "answerable_f1": 98.59154929577466,
        "macro_avg": 98.0,
        "macro_f1": 98.27536648462203
    },
    "(True, 1, True)": {
        "answered_num": 36,
        "answerable_num": 35,
        "overlapped_num": 35,
        "regular_length": 36.15,
        "answered_length": 58.25,
        "reject_rec": 96.0,
        "reject_prec": 100.0,
        "reject_f1": 97.95918367346938,
        "answerable_rec": 100.0,
        "answerable_prec": 97.22222222222223,
        "answerable_f1": 98.59154929577466,
        "macro_avg": 98.0,
        "macro_f1": 98.27536648462203
    },
    "(True, 2, False)": {
        "answered_num": 36,
        "answerable_num": 35,
        "overlapped_num": 35,
        "regular_length": 36.25,
        "answered_length": 58.416666666666664,
        "reject_rec": 96.0,
        "reject_prec": 100.0,
        "reject_f1": 97.95918367346938,
        "answerable_rec": 100.0,
        "answerable_prec": 97.22222222222223,
        "answerable_f1": 98.59154929577466,
        "macro_avg": 98.0,
        "macro_f1": 98.27536648462203
    },
    "(True, 2, True)": {
        "answered_num": 36,
        "answerable_num": 35,
        "overlapped_num": 35,
        "regular_length": 36.083333333333336,
        "answered_length": 58.138888888888886,
        "reject_rec": 96.0,
        "reject_prec": 100.0,
        "reject_f1": 97.95918367346938,
        "answerable_rec": 100.0,
        "answerable_prec": 97.22222222222223,
        "answerable_f1": 98.59154929577466,
        "macro_avg": 98.0,
        "macro_f1": 98.27536648462203
    },
    "(True, 3, False)": {
        "answered_num": 36,
        "answerable_num": 35,
        "overlapped_num": 35,
        "regular_length": 33.483333333333334,
        "answered_length": 53.80555555555556,
        "reject_rec": 96.0,
        "reject_prec": 100.0,
        "reject_f1": 97.95918367346938,
        "answerable_rec": 100.0,
        "answerable_prec": 97.22222222222223,
        "answerable_f1": 98.59154929577466,
        "macro_avg": 98.0,
        "macro_f1": 98.27536648462203
    },
    "(True, 4, False)": {
        "answered_num": 36,
        "answerable_num": 35,
        "overlapped_num": 35,
        "regular_length": 35.1,
        "answered_length": 56.5,
        "reject_rec": 96.0,
        "reject_prec": 100.0,
        "reject_f1": 97.95918367346938,
        "answerable_rec": 100.0,
        "answerable_prec": 97.22222222222223,
        "answerable_f1": 98.59154929577466,
        "macro_avg": 98.0,
        "macro_f1": 98.27536648462203
    }
}